source_id,source_title,url,source_type,amc,scheme,document_type,last_updated
HDFC_FLEXI_SID,HDFC Flexi Cap Fund - Scheme Information Document (SID),https://files.hdfcfund.com/s3fs-public/SID/2025-11/SID%20-%20HDFC%20Flexi%20Cap%20Fund%20dated%20November%2021%2C%202025_0.pdf,AMC,HDFC Mutual Fund,HDFC Flexi Cap Fund,SID,2025-11-21
HDFC_FLEXI_KIM,HDFC Flexi Cap Fund - Key Information Memorandum (KIM),https://files.hdfcfund.com/s3fs-public/KIM/2025-11/KIM%20-%20HDFC%20Flexi%20Cap%20Fund%20dated%20November%2021%2C%202025_1.pdf,AMC,HDFC Mutual Fund,HDFC Flexi Cap Fund,KIM,2025-11-21
HDFC_LARGE_SID,HDFC Large Cap Fund (formerly Top 100) - Scheme Information Document (SID),https://files.hdfcfund.com/s3fs-public/SID/2025-11/SID%20-%20HDFC%20Large%20Cap%20Fund%20dated%20November%2021%2C%202025_0.pdf,AMC,HDFC Mutual Fund,HDFC Large Cap Fund,SID,2025-11-21
HDFC_LARGE_KIM,HDFC Large Cap Fund - Key Information Memorandum (KIM),https://files.hdfcfund.com/s3fs-public/KIM/2025-05/KIM%20-%20HDFC%20Large%20Cap%20Fund%20dated%20May%2030%2C%202025.pdf,AMC,HDFC Mutual Fund,HDFC Large Cap Fund,KIM,2025-05-30
HDFC_LARGE_ADDENDUM,HDFC Mutual Fund Addendum - Change in Name of HDFC Top 100 Fund to HDFC Large Cap Fund,https://files.hdfcfund.com/s3fs-public/2024-12/1280%20-%20Addendum%20-%20Change%20in%20name%20of%20HDFC%20Top%20100%20Fund%20w.e..f.%20Jan%2001%2C%202025.pdf,AMC,HDFC Mutual Fund,HDFC Large Cap Fund,Addendum,2024-12-24
HDFC_ELSS_SID,HDFC ELSS Tax Saver - Scheme Information Document (SID),https://files.hdfcfund.com/s3fs-public/SID/2024-06/SID%20-%20HDFC%20ELSS%20Tax%20saver%20dated%20June%2028%2C%202024.pdf,AMC,HDFC Mutual Fund,HDFC ELSS Tax Saver,SID,2024-06-28
HDFC_ELSS_KIM,HDFC ELSS Tax Saver - Key Information Memorandum (KIM),https://files.hdfcfund.com/s3fs-public/KIM/2025-05/KIM%20-%20HDFC%20ELSS%20Tax%20saver%20dated%20May%2030%2C%202025.pdf,AMC,HDFC Mutual Fund,HDFC ELSS Tax Saver,KIM,2025-05-30
HDFC_MIDCAP_SID,HDFC Mid-Cap Opportunities Fund - Scheme Information Document (SID),https://files.hdfcfund.com/s3fs-public/SID/2023-04/SID-HDFC%20Mid%20Cap%20Opporunities%20Fund%20dated%20April%2028%2C%202023.pdf,AMC,HDFC Mutual Fund,HDFC Mid-Cap Opportunities Fund,SID,2023-04-28
HDFC_MIDCAP_KIM,HDFC Mid-Cap Opportunities Fund - Key Information Memorandum (KIM),https://files.hdfcfund.com/s3fs-public/KIM/2025-05/KIM%20-%20HDFC%20Mid%20Cap%20Opportunities%20Fund%20dated%20May%2030%2C%202025.pdf,AMC,HDFC Mutual Fund,HDFC Mid-Cap Opportunities Fund,KIM,2025-05-30
HDFC_FACTSHEET,HDFC Mutual Fund Monthly Factsheet Disclosures,https://files.hdfcfund.com/s3fs-public/2025-05/HDFC%20MF%20Factsheet%20-%20April%202025.pdf,AMC,HDFC Mutual Fund,All schemes,Factsheet,2025-04-30
HDFC_TAX_RECKONER,HDFC Mutual Fund Tax Reckoner - Capital Gains and Statutory Tax Provisions,https://files.hdfcfund.com/s3fs-public/2023-05/Tax%20Reckoner%20FY%202023-2024.pdf,AMC,HDFC Mutual Fund,All schemes,Tax Guide,2023-05-15
HDFC_SIP_ADDENDUM,HDFC Mutual Fund Systematic Investment Plan (SIP) Operations Addendum,https://files.hdfcfund.com/s3fs-public/2023-02/1136-Addendum-Dream%20SIP%20Facility-Availability%20on%20BSE%20platform.pdf,AMC,HDFC Mutual Fund,All schemes,Operations Guide,2023-02-15
AMFI_EXPENSE_RATIO,AMFI Knowledge Centre: Understanding Total Expense Ratio (TER),https://www.amfiindia.com/investor/knowledge-center-info?zoneName=expenseRatio,AMFI,Industry,All schemes,Educational,2026-10-02
AMFI_INTRO_MF,AMFI Knowledge Centre: Introduction to Mutual Funds,https://www.amfiindia.com/investor/knowledge-center-info?zoneName=IntroductionMutualFunds,AMFI,Industry,All schemes,Educational,2026-10-02
AMFI_TYPES_SCHEMES,AMFI Knowledge Centre: Types of Mutual Fund Schemes,https://www.amfiindia.com/investor/knowledge-center-info?zoneName=TypesOfMutualFundSchemes,AMFI,Industry,All schemes,Educational,2026-10-02
AMFI_CATEGORIZATION,AMFI Knowledge Centre: SEBI Categorization and Rationalization of Mutual Fund Schemes,https://www.amfiindia.com/investor/knowledge-center-info?zoneName=CategorizationOfMutualFundSchemes,AMFI,Industry,All schemes,Regulatory/Educational,2026-10-02
AMFI_TAX_REGIME,AMFI Knowledge Centre: Tax Regime for Mutual Funds in India,https://www.amfiindia.com/investor/knowledge-center-info?zoneName=TaxRegimeForMutualFunds,AMFI,Industry,All schemes,Taxation/Educational,2026-10-02
AMFI_NAV,AMFI Knowledge Centre: Net Asset Value (NAV) Determination and Valuation,https://www.amfiindia.com/investor/knowledge-center-info?zoneName=NetAssetValueNAV,AMFI,Industry,All schemes,Educational,2026-10-02
AMFI_ADVANTAGES,AMFI Knowledge Centre: Advantages of Investing in Mutual Funds,https://www.amfiindia.com/investor/knowledge-center-info?zoneName=AdvantagesOfInvestingInMutualFunds,AMFI,Industry,All schemes,Educational,2026-10-02
AMFI_CUTOFF_NAV,AMFI Knowledge Centre: Cut-Off Timings and Applicable NAV Rules,https://www.amfiindia.com/investor/knowledge-center-info?zoneName=CutOffTimingsAndNewRuleOnApplicableNAV,AMFI,Industry,All schemes,Operational/Regulatory,2026-10-02
AMFI_MYTHS_FACTS,AMFI Knowledge Centre: Myths and Facts About Mutual Funds,https://www.amfiindia.com/investor/knowledge-center-info?zoneName=MythsAndFactsAboutMutualFunds,AMFI,Industry,All schemes,Educational,2026-10-02
SEBI_INVESTOR_FAQS,SEBI Official FAQs for Mutual Fund Investors,https://www.sebi.gov.in/sebi_data/faqfiles/sep-2024/1727242783639.pdf,SEBI,Statutory/SEBI,All schemes,Regulatory FAQs,2024-09-25
SEBI_INTERMEDIARY_FAQS,SEBI Official FAQs for Mutual Fund Intermediaries and Operations,https://www.sebi.gov.in/sebi_data/faqfiles/sep-2024/1727242760185.pdf,SEBI,Statutory/SEBI,All schemes,Regulatory FAQs,2024-09-25
SEBI_MASTER_FAQS,SEBI Master Investor FAQs and Grievance Redressal Portal,https://www.sebi.gov.in/sebiweb/other/OtherAction.do?doFaq=yes,SEBI,Statutory/SEBI,All schemes,Official Portal,2024-09-25
